{
  "project_info": {
    "project_number": "957691035120",
    "firebase_url": "https://geotweet-2070a.firebaseio.com",
    "project_id": "geotweet-2070a",
    "storage_bucket": "geotweet-2070a.appspot.com"
  },
  "client": [
    {
      "client_info": {
        "mobilesdk_app_id": "1:957691035120:android:bb9af44738e1ee2a",
        "android_client_info": {
          "package_name": "edu.ucsb.cs.cs184.shengjiayu.shengjiayugeotweet"
        }
      },
      "oauth_client": [
        {
          "client_id": "957691035120-cfd4guofi14hautqkuahc0vobda98cf9.apps.googleusercontent.com",
          "client_type": 3
        }
      ],
      "api_key": [
        {
          "current_key": "AIzaSyDVHfW2Cc91NUsATmTXuM-bd4Nj8zI4ghY"
        }
      ],
      "services": {
        "analytics_service": {
          "status": 1
        },
        "appinvite_service": {
          "status": 1,
          "other_platform_oauth_client": []
        },
        "ads_service": {
          "status": 2
        }
      }
    }
  ],
  "configuration_version": "1"
}